date,total_cost_php
01/01/2025,26.49
01/02/2025,24.67
01/03/2025,27.1
01/04/2025,29.81
01/05/2025,24.62
01/06/2025,24.7
01/07/2025,30.22
01/08/2025,27.86
01/09/2025,24.23
01/10/2025,27.35
01/11/2025,24.41
01/12/2025,24.48
01/13/2025,26.69
01/14/2025,20.3
01/15/2025,20.95
01/16/2025,24.51
01/17/2025,23.24
01/18/2025,27.3
01/19/2025,23.72
01/20/2025,22.28
01/21/2025,31.0
01/22/2025,26.0
01/23/2025,26.96
01/24/2025,22.57
01/25/2025,25.29
01/26/2025,27.33
01/27/2025,23.63
01/28/2025,28.29
01/29/2025,25.44
01/30/2025,26.44
01/31/2025,25.59
02/01/2025,33.04
02/02/2025,27.52
02/03/2025,24.47
02/04/2025,30.19
02/05/2025,24.14
02/06/2025,28.51
02/07/2025,22.08
02/08/2025,24.06
02/09/2025,28.71
02/10/2025,30.42
02/11/2025,28.79
02/12/2025,28.01
02/13/2025,27.54
02/14/2025,24.08
02/15/2025,26.44
02/16/2025,27.3
02/17/2025,31.93
02/18/2025,29.87
02/19/2025,23.63
02/20/2025,29.97
02/21/2025,27.92
02/22/2025,27.13
02/23/2025,31.08
02/24/2025,32.41
02/25/2025,32.19
02/26/2025,26.96
02/27/2025,28.63
02/28/2025,30.63
03/01/2025,32.65
03/02/2025,28.36
03/03/2025,29.32
03/04/2025,26.64
03/05/2025,26.45
03/06/2025,32.56
03/07/2025,34.27
03/08/2025,30.06
03/09/2025,33.37
03/10/2025,31.52
03/11/2025,28.58
03/12/2025,31.68
03/13/2025,35.29
03/14/2025,30.65
03/15/2025,35.53
03/16/2025,23.06
03/17/2025,33.47
03/18/2025,31.34
03/19/2025,30.26
03/20/2025,31.52
03/21/2025,25.36
03/22/2025,30.74
03/23/2025,32.55
03/24/2025,35.99
03/25/2025,30.09
03/26/2025,29.29
03/27/2025,30.29
03/28/2025,34.63
03/29/2025,32.95
03/30/2025,30.45
03/31/2025,33.66
04/01/2025,32.49
04/02/2025,35.19
04/03/2025,30.25
04/04/2025,31.46
04/05/2025,31.34
04/06/2025,28.21
04/07/2025,33.57
04/08/2025,33.54
04/09/2025,32.86
04/10/2025,32.22
04/11/2025,28.75
04/12/2025,31.82
04/13/2025,32.13
04/14/2025,30.83
04/15/2025,32.84
04/16/2025,34.61
04/17/2025,39.14
04/18/2025,34.08
04/19/2025,34.41
04/20/2025,33.5
04/21/2025,28.04
04/22/2025,33.8
04/23/2025,34.14
04/24/2025,41.43
04/25/2025,33.54
04/26/2025,35.1
04/27/2025,34.18
04/28/2025,30.85
04/29/2025,37.87
04/30/2025,36.78
05/01/2025,36.97
05/02/2025,31.95
05/03/2025,38.97
05/04/2025,30.63
05/05/2025,36.68
05/06/2025,41.57
05/07/2025,32.11
05/08/2025,33.46
05/09/2025,35.54
05/10/2025,33.81
05/11/2025,30.75
05/12/2025,35.69
05/13/2025,32.37
05/14/2025,37.06
05/15/2025,32.96
05/16/2025,40.45
05/17/2025,33.53
05/18/2025,34.99
05/19/2025,38.48
05/20/2025,32.43
05/21/2025,36.88
05/22/2025,40.2
05/23/2025,31.54
05/24/2025,36.99
05/25/2025,37.3
05/26/2025,38.95
05/27/2025,32.97
05/28/2025,32.8
05/29/2025,38.41
05/30/2025,37.81
05/31/2025,37.75
06/01/2025,38.12
06/02/2025,35.12
06/03/2025,37.94
06/04/2025,38.2
06/05/2025,35.26
06/06/2025,43.08
06/07/2025,38.98
06/08/2025,34.07
06/09/2025,39.69
06/10/2025,34.88
06/11/2025,40.24
06/12/2025,41.44
06/13/2025,35.58
06/14/2025,41.01
06/15/2025,39.44
06/16/2025,40.75
06/17/2025,44.05
06/18/2025,37.7
06/19/2025,36.26
06/20/2025,35.93
06/21/2025,36.23
06/22/2025,38.53
06/23/2025,39.86
06/24/2025,39.75
06/25/2025,41.48
06/26/2025,39.12
06/27/2025,43.52
06/28/2025,38.45
06/29/2025,47.48
06/30/2025,41.28
07/01/2025,36.91
07/02/2025,36.35
07/03/2025,41.09
07/04/2025,39.05
07/05/2025,41.94
07/06/2025,41.3
07/07/2025,39.74
07/08/2025,37.5
07/09/2025,35.58
07/10/2025,38.86
07/11/2025,42.85
07/12/2025,41.0
07/13/2025,36.7
07/14/2025,41.04
07/15/2025,41.76
07/16/2025,38.03
07/17/2025,41.22
07/18/2025,41.01
07/19/2025,37.49
07/20/2025,42.07
07/21/2025,42.76
07/22/2025,44.41
07/23/2025,44.4
07/24/2025,37.19
07/25/2025,38.59
07/26/2025,43.03
07/27/2025,43.1
07/28/2025,43.19
07/29/2025,53.28
07/30/2025,43.51
07/31/2025,45.29
08/01/2025,44.82
08/02/2025,43.99
08/03/2025,41.17
08/04/2025,44.48
08/05/2025,39.96
08/06/2025,41.65
08/07/2025,40.98
08/08/2025,42.77
08/09/2025,49.54
08/10/2025,37.08
08/11/2025,44.82
08/12/2025,38.0
08/13/2025,41.5
08/14/2025,46.27
08/15/2025,43.27
08/16/2025,39.93
08/17/2025,41.09
08/18/2025,45.36
08/19/2025,41.21
08/20/2025,44.13
08/21/2025,43.7
08/22/2025,41.69
08/23/2025,50.15
08/24/2025,45.7
08/25/2025,37.8
08/26/2025,44.52
08/27/2025,42.05
08/28/2025,46.68
08/29/2025,41.82
08/30/2025,43.94
08/31/2025,45.87
09/01/2025,47.04
09/02/2025,40.92
09/03/2025,43.6
09/04/2025,43.26
09/05/2025,42.8
09/06/2025,50.14
09/07/2025,46.13
09/08/2025,41.22
09/09/2025,47.83
09/10/2025,51.53
09/11/2025,48.34
09/12/2025,40.76
09/13/2025,43.95
09/14/2025,49.28
09/15/2025,43.44
09/16/2025,46.97
09/17/2025,48.04
09/18/2025,43.02
09/19/2025,45.7
09/20/2025,36.24
09/21/2025,42.97
09/22/2025,45.36
09/23/2025,42.46
09/24/2025,51.18
09/25/2025,42.07
09/26/2025,45.12
09/27/2025,46.91
09/28/2025,50.92
09/29/2025,42.37
09/30/2025,50.25
10/01/2025,46.87
10/02/2025,43.98
10/03/2025,48.39
10/04/2025,47.68
10/05/2025,45.36
10/06/2025,47.45
10/07/2025,46.16
10/08/2025,47.74
10/09/2025,49.47
10/10/2025,52.32
10/11/2025,43.93
10/12/2025,54.12
10/13/2025,41.94
10/14/2025,47.42
10/15/2025,49.72
10/16/2025,48.88
10/17/2025,46.25
10/18/2025,47.58
10/19/2025,46.8
10/20/2025,46.59
10/21/2025,50.99
10/22/2025,49.59
10/23/2025,46.52
10/24/2025,51.38
10/25/2025,49.68
10/26/2025,51.28
10/27/2025,50.81
10/28/2025,46.51
10/29/2025,47.4
10/30/2025,51.4
10/31/2025,51.07
11/01/2025,49.26
11/02/2025,49.75
11/03/2025,53.31
11/04/2025,47.79
11/05/2025,51.28
11/06/2025,49.11
11/07/2025,49.15
11/08/2025,53.18
11/09/2025,52.44
11/10/2025,52.48
11/11/2025,54.04
11/12/2025,50.26
11/13/2025,52.33
11/14/2025,49.43
11/15/2025,51.41
11/16/2025,50.13
11/17/2025,50.89
11/18/2025,52.47
11/19/2025,48.31
11/20/2025,57.12
11/21/2025,47.9
11/22/2025,47.36
11/23/2025,54.55
11/24/2025,53.53
11/25/2025,53.11
11/26/2025,53.21
11/27/2025,51.36
11/28/2025,48.79
11/29/2025,51.79
11/30/2025,49.61
12/01/2025,54.65
12/02/2025,51.36
12/03/2025,49.4
12/04/2025,51.0
12/05/2025,53.28
12/06/2025,50.43
12/07/2025,49.73
12/08/2025,53.01
12/09/2025,53.09
12/10/2025,50.92
12/11/2025,51.11
12/12/2025,53.3
12/13/2025,48.34
12/14/2025,48.54
12/15/2025,50.68
12/16/2025,52.28
12/17/2025,53.93
12/18/2025,57.51
12/19/2025,55.73
12/20/2025,52.76
12/21/2025,53.26
12/22/2025,50.39
12/23/2025,53.42
12/24/2025,52.69
12/25/2025,54.61
12/26/2025,51.24
12/27/2025,55.36
12/28/2025,58.48
12/29/2025,53.63
12/30/2025,55.25
12/31/2025,56.19
01/01/2026,53.0
01/02/2026,54.95
01/03/2026,54.4
01/04/2026,54.73
01/05/2026,52.2
01/06/2026,54.67
01/07/2026,56.17
01/08/2026,59.11
01/09/2026,57.72
01/10/2026,61.38
01/11/2026,52.7
01/12/2026,57.7
01/13/2026,55.71
01/14/2026,61.81
01/15/2026,52.9
01/16/2026,52.88
01/17/2026,53.68
01/18/2026,49.19
01/19/2026,54.06
01/20/2026,53.44
01/21/2026,56.25
01/22/2026,56.91
01/23/2026,61.59
01/24/2026,58.89
01/25/2026,54.39
01/26/2026,53.5
01/27/2026,57.76
01/28/2026,52.4
01/29/2026,61.93
01/30/2026,60.06
01/31/2026,55.19
02/01/2026,51.54
02/02/2026,60.82
02/03/2026,56.5
02/04/2026,60.63
02/05/2026,52.22
02/06/2026,55.28
02/07/2026,57.18
02/08/2026,57.38
02/09/2026,55.97
02/10/2026,59.27
02/11/2026,54.28
02/12/2026,57.13
02/13/2026,58.0
02/14/2026,59.26
02/15/2026,59.93
02/16/2026,54.51
02/17/2026,53.36
02/18/2026,61.87
02/19/2026,59.12
02/20/2026,55.95
02/21/2026,62.93
02/22/2026,58.71
02/23/2026,61.98
02/24/2026,58.72
02/25/2026,64.78
02/26/2026,63.95
02/27/2026,58.01
02/28/2026,61.75
03/01/2026,60.86
03/02/2026,63.11
03/03/2026,56.19
03/04/2026,61.22
03/05/2026,62.42
03/06/2026,54.04
03/07/2026,55.85
03/08/2026,53.36
03/09/2026,58.75
03/10/2026,61.79
03/11/2026,64.23
03/12/2026,60.02
03/13/2026,64.77
03/14/2026,55.82
03/15/2026,54.93
03/16/2026,59.95
03/17/2026,61.35
03/18/2026,60.18
03/19/2026,54.16
03/20/2026,60.17
03/21/2026,56.61
03/22/2026,62.61
03/23/2026,61.78
03/24/2026,57.94
03/25/2026,59.3
03/26/2026,57.74
03/27/2026,60.81
03/28/2026,63.95
03/29/2026,58.2
03/30/2026,62.75
03/31/2026,59.73
04/01/2026,59.02
04/02/2026,61.16
04/03/2026,58.45
04/04/2026,59.98
04/05/2026,58.13
04/06/2026,67.69
04/07/2026,61.99
04/08/2026,59.86
04/09/2026,62.68
04/10/2026,61.78
04/11/2026,61.54
04/12/2026,64.12
04/13/2026,64.63
04/14/2026,60.85
04/15/2026,60.79
04/16/2026,61.77
04/17/2026,55.77
04/18/2026,58.21
04/19/2026,66.94
04/20/2026,67.85
04/21/2026,62.25
04/22/2026,64.81
04/23/2026,64.09
04/24/2026,72.48
04/25/2026,66.68
04/26/2026,63.02
04/27/2026,60.61
04/28/2026,58.74
04/29/2026,64.25
04/30/2026,61.45
05/01/2026,59.53
05/02/2026,61.94
05/03/2026,60.72
05/04/2026,69.1
05/05/2026,66.76
05/06/2026,64.18
05/07/2026,68.72
05/08/2026,64.59
05/09/2026,61.86
05/10/2026,69.09
05/11/2026,66.22
05/12/2026,61.57
05/13/2026,64.19
05/14/2026,62.21
05/15/2026,60.77
