date,device_name,usage_hours,energy_consumption_kwh,electricity_cost_php
2025-01-01,"TV, Laptop, PS4, Electric Fan",8.08,0.625,7.5
2025-01-02,"TV, Laptop, PS4, Electric Fan",7.82,0.602,7.23
2025-01-03,"TV, Laptop, PS4, Electric Fan",7.28,0.564,6.77
2025-01-04,"TV, Laptop, PS4, Electric Fan",7.78,0.589,7.07
2025-01-05,"TV, Laptop, PS4, Electric Fan",7.53,0.582,6.98
2025-01-06,"TV, Laptop, PS4, Electric Fan",7.47,0.575,6.91
2025-01-07,"TV, Laptop, PS4, Electric Fan",8.06,0.626,7.52
2025-01-08,"TV, Laptop, PS4, Electric Fan",7.93,0.61,7.32
2025-01-09,"TV, Laptop, PS4, Electric Fan",7.79,0.602,7.23
2025-01-10,"TV, Laptop, PS4, Electric Fan",7.87,0.59,7.08
2025-01-11,"TV, Laptop, PS4, Electric Fan",7.67,0.602,7.22
2025-01-12,"TV, Laptop, PS4, Electric Fan",7.66,0.585,7.02
2025-01-13,"TV, Laptop, PS4, Electric Fan",7.94,0.633,7.59
2025-01-14,"TV, Laptop, PS4, Electric Fan",6.89,0.522,6.27
2025-01-15,"TV, Laptop, PS4, Electric Fan",7.71,0.603,7.23
2025-01-16,"TV, Laptop, PS4, Electric Fan",7.87,0.599,7.18
2025-01-17,"TV, Laptop, PS4, Electric Fan",7.99,0.589,7.07
2025-01-18,"TV, Laptop, PS4, Electric Fan",7.84,0.592,7.11
2025-01-19,"TV, Laptop, PS4, Electric Fan",7.53,0.572,6.87
2025-01-20,"TV, Laptop, PS4, Electric Fan",8.26,0.618,7.42
2025-01-21,"TV, Laptop, PS4, Electric Fan",8.24,0.637,7.65
2025-01-22,"TV, Laptop, PS4, Electric Fan",8.05,0.602,7.23
2025-01-23,"TV, Laptop, PS4, Electric Fan",7.86,0.602,7.22
2025-01-24,"TV, Laptop, PS4, Electric Fan",8.02,0.634,7.61
2025-01-25,"TV, Laptop, PS4, Electric Fan",8.03,0.634,7.6
2025-01-26,"TV, Laptop, PS4, Electric Fan",8.09,0.621,7.46
2025-01-27,"TV, Laptop, PS4, Electric Fan",8.05,0.605,7.26
2025-01-28,"TV, Laptop, PS4, Electric Fan",8.5,0.643,7.72
2025-01-29,"TV, Laptop, PS4, Electric Fan",8.07,0.623,7.48
2025-01-30,"TV, Laptop, PS4, Electric Fan",7.6,0.576,6.91
2025-01-31,"TV, Laptop, PS4, Electric Fan",8.17,0.617,7.4
2025-02-01,"TV, Laptop, PS4, Electric Fan",7.62,0.584,7.0
2025-02-02,"TV, Laptop, PS4, Electric Fan",8.33,0.639,7.67
2025-02-03,"TV, Laptop, PS4, Electric Fan",7.97,0.616,7.39
2025-02-04,"TV, Laptop, PS4, Electric Fan",8.12,0.622,7.47
2025-02-05,"TV, Laptop, PS4, Electric Fan",8.03,0.635,7.62
2025-02-06,"TV, Laptop, PS4, Electric Fan",8.13,0.608,7.3
2025-02-07,"TV, Laptop, PS4, Electric Fan",7.65,0.566,6.79
2025-02-08,"TV, Laptop, PS4, Electric Fan",8.11,0.621,7.46
2025-02-09,"TV, Laptop, PS4, Electric Fan",7.9,0.633,7.6
2025-02-10,"TV, Laptop, PS4, Electric Fan",8.88,0.699,8.38
2025-02-11,"TV, Laptop, PS4, Electric Fan",8.56,0.644,7.73
2025-02-12,"TV, Laptop, PS4, Electric Fan",9.0,0.69,8.28
2025-02-13,"TV, Laptop, PS4, Electric Fan",8.54,0.651,7.81
2025-02-14,"TV, Laptop, PS4, Electric Fan",7.75,0.595,7.14
2025-02-15,"TV, Laptop, PS4, Electric Fan",8.51,0.658,7.9
2025-02-16,"TV, Laptop, PS4, Electric Fan",8.45,0.656,7.87
2025-02-17,"TV, Laptop, PS4, Electric Fan",8.51,0.637,7.64
2025-02-18,"TV, Laptop, PS4, Electric Fan",9.06,0.706,8.48
2025-02-19,"TV, Laptop, PS4, Electric Fan",8.7,0.67,8.04
2025-02-20,"TV, Laptop, PS4, Electric Fan",8.57,0.651,7.81
2025-02-21,"TV, Laptop, PS4, Electric Fan",8.59,0.662,7.94
2025-02-22,"TV, Laptop, PS4, Electric Fan",8.64,0.667,8.0
2025-02-23,"TV, Laptop, PS4, Electric Fan",8.7,0.675,8.1
2025-02-24,"TV, Laptop, PS4, Electric Fan",8.79,0.672,8.06
2025-02-25,"TV, Laptop, PS4, Electric Fan",8.79,0.668,8.02
2025-02-26,"TV, Laptop, PS4, Electric Fan",8.74,0.663,7.96
2025-02-27,"TV, Laptop, PS4, Electric Fan",8.69,0.683,8.2
2025-02-28,"TV, Laptop, PS4, Electric Fan",9.29,0.711,8.53
2025-03-01,"TV, Laptop, PS4, Electric Fan",8.8,0.677,8.12
2025-03-02,"TV, Laptop, PS4, Electric Fan",8.93,0.691,8.29
2025-03-03,"TV, Laptop, PS4, Electric Fan",8.58,0.625,7.5
2025-03-04,"TV, Laptop, PS4, Electric Fan",8.55,0.675,8.1
2025-03-05,"TV, Laptop, PS4, Electric Fan",8.61,0.633,7.59
2025-03-06,"TV, Laptop, PS4, Electric Fan",9.34,0.708,8.5
2025-03-07,"TV, Laptop, PS4, Electric Fan",8.88,0.676,8.12
2025-03-08,"TV, Laptop, PS4, Electric Fan",8.49,0.642,7.7
2025-03-09,"TV, Laptop, PS4, Electric Fan",9.28,0.729,8.74
2025-03-10,"TV, Laptop, PS4, Electric Fan",8.42,0.656,7.87
2025-03-11,"TV, Laptop, PS4, Electric Fan",8.85,0.685,8.21
2025-03-12,"TV, Laptop, PS4, Electric Fan",9.28,0.709,8.51
2025-03-13,"TV, Laptop, PS4, Electric Fan",9.4,0.735,8.82
2025-03-14,"TV, Laptop, PS4, Electric Fan",9.23,0.707,8.49
2025-03-15,"TV, Laptop, PS4, Electric Fan",8.88,0.681,8.17
2025-03-16,"TV, Laptop, PS4, Electric Fan",9.14,0.699,8.39
2025-03-17,"TV, Laptop, PS4, Electric Fan",8.9,0.687,8.24
2025-03-18,"TV, Laptop, PS4, Electric Fan",8.7,0.66,7.92
2025-03-19,"TV, Laptop, PS4, Electric Fan",9.47,0.714,8.57
2025-03-20,"TV, Laptop, PS4, Electric Fan",9.13,0.726,8.71
2025-03-21,"TV, Laptop, PS4, Electric Fan",9.12,0.704,8.45
2025-03-22,"TV, Laptop, PS4, Electric Fan",9.31,0.709,8.5
2025-03-23,"TV, Laptop, PS4, Electric Fan",9.49,0.722,8.66
2025-03-24,"TV, Laptop, PS4, Electric Fan",9.41,0.729,8.75
2025-03-25,"TV, Laptop, PS4, Electric Fan",9.95,0.78,9.36
2025-03-26,"TV, Laptop, PS4, Electric Fan",9.44,0.724,8.69
2025-03-27,"TV, Laptop, PS4, Electric Fan",9.58,0.735,8.82
2025-03-28,"TV, Laptop, PS4, Electric Fan",9.69,0.76,9.12
2025-03-29,"TV, Laptop, PS4, Electric Fan",9.34,0.726,8.72
2025-03-30,"TV, Laptop, PS4, Electric Fan",9.32,0.715,8.58
2025-03-31,"TV, Laptop, PS4, Electric Fan",9.44,0.728,8.73
2025-04-01,"TV, Laptop, PS4, Electric Fan",9.33,0.723,8.67
2025-04-02,"TV, Laptop, PS4, Electric Fan",9.03,0.715,8.58
2025-04-03,"TV, Laptop, PS4, Electric Fan",9.73,0.751,9.01
2025-04-04,"TV, Laptop, PS4, Electric Fan",9.78,0.747,8.96
2025-04-05,"TV, Laptop, PS4, Electric Fan",9.35,0.736,8.84
2025-04-06,"TV, Laptop, PS4, Electric Fan",9.13,0.703,8.44
2025-04-07,"TV, Laptop, PS4, Electric Fan",9.8,0.754,9.04
2025-04-08,"TV, Laptop, PS4, Electric Fan",9.69,0.716,8.6
2025-04-09,"TV, Laptop, PS4, Electric Fan",9.78,0.764,9.17
2025-04-10,"TV, Laptop, PS4, Electric Fan",9.66,0.75,8.99
2025-04-11,"TV, Laptop, PS4, Electric Fan",9.76,0.757,9.09
2025-04-12,"TV, Laptop, PS4, Electric Fan",9.41,0.687,8.24
2025-04-13,"TV, Laptop, PS4, Electric Fan",10.06,0.798,9.57
2025-04-14,"TV, Laptop, PS4, Electric Fan",9.72,0.745,8.95
2025-04-15,"TV, Laptop, PS4, Electric Fan",9.95,0.78,9.36
2025-04-16,"TV, Laptop, PS4, Electric Fan",9.86,0.75,9.0
2025-04-17,"TV, Laptop, PS4, Electric Fan",10.17,0.798,9.58
2025-04-18,"TV, Laptop, PS4, Electric Fan",9.91,0.748,8.97
2025-04-19,"TV, Laptop, PS4, Electric Fan",9.67,0.743,8.91
2025-04-20,"TV, Laptop, PS4, Electric Fan",10.4,0.82,9.84
2025-04-21,"TV, Laptop, PS4, Electric Fan",9.7,0.739,8.87
2025-04-22,"TV, Laptop, PS4, Electric Fan",9.71,0.759,9.11
2025-04-23,"TV, Laptop, PS4, Electric Fan",10.38,0.805,9.65
2025-04-24,"TV, Laptop, PS4, Electric Fan",10.3,0.812,9.74
2025-04-25,"TV, Laptop, PS4, Electric Fan",10.39,0.797,9.56
2025-04-26,"TV, Laptop, PS4, Electric Fan",10.85,0.824,9.89
2025-04-27,"TV, Laptop, PS4, Electric Fan",10.54,0.837,10.05
2025-04-28,"TV, Laptop, PS4, Electric Fan",9.91,0.762,9.14
2025-04-29,"TV, Laptop, PS4, Electric Fan",10.34,0.805,9.66
2025-04-30,"TV, Laptop, PS4, Electric Fan",10.71,0.834,10.01
2025-05-01,"TV, Laptop, PS4, Electric Fan",10.39,0.818,9.82
2025-05-02,"TV, Laptop, PS4, Electric Fan",10.05,0.792,9.5
2025-05-03,"TV, Laptop, PS4, Electric Fan",11.02,0.852,10.23
2025-05-04,"TV, Laptop, PS4, Electric Fan",9.95,0.751,9.02
2025-05-05,"TV, Laptop, PS4, Electric Fan",11.24,0.873,10.48
2025-05-06,"TV, Laptop, PS4, Electric Fan",10.61,0.81,9.71
2025-05-07,"TV, Laptop, PS4, Electric Fan",9.99,0.777,9.32
2025-05-08,"TV, Laptop, PS4, Electric Fan",10.4,0.786,9.43
2025-05-09,"TV, Laptop, PS4, Electric Fan",10.41,0.803,9.63
2025-05-10,"TV, Laptop, PS4, Electric Fan",10.71,0.822,9.86
2025-05-11,"TV, Laptop, PS4, Electric Fan",10.08,0.779,9.35
2025-05-12,"TV, Laptop, PS4, Electric Fan",10.58,0.823,9.88
2025-05-13,"TV, Laptop, PS4, Electric Fan",10.4,0.821,9.86
2025-05-14,"TV, Laptop, PS4, Electric Fan",10.77,0.834,10.01
2025-05-15,"TV, Laptop, PS4, Electric Fan",10.12,0.781,9.37
2025-05-16,"TV, Laptop, PS4, Electric Fan",10.59,0.84,10.08
2025-05-17,"TV, Laptop, PS4, Electric Fan",10.55,0.829,9.95
2025-05-18,"TV, Laptop, PS4, Electric Fan",10.45,0.79,9.48
2025-05-19,"TV, Laptop, PS4, Electric Fan",11.04,0.854,10.25
2025-05-20,"TV, Laptop, PS4, Electric Fan",10.14,0.797,9.56
2025-05-21,"TV, Laptop, PS4, Electric Fan",10.59,0.817,9.81
2025-05-22,"TV, Laptop, PS4, Electric Fan",11.61,0.905,10.86
2025-05-23,"TV, Laptop, PS4, Electric Fan",10.38,0.796,9.56
2025-05-24,"TV, Laptop, PS4, Electric Fan",10.63,0.825,9.91
2025-05-25,"TV, Laptop, PS4, Electric Fan",10.5,0.818,9.81
2025-05-26,"TV, Laptop, PS4, Electric Fan",10.93,0.846,10.16
2025-05-27,"TV, Laptop, PS4, Electric Fan",9.99,0.765,9.18
2025-05-28,"TV, Laptop, PS4, Electric Fan",10.58,0.793,9.52
2025-05-29,"TV, Laptop, PS4, Electric Fan",11.35,0.891,10.7
2025-05-30,"TV, Laptop, PS4, Electric Fan",11.39,0.857,10.29
2025-05-31,"TV, Laptop, PS4, Electric Fan",11.16,0.845,10.14
2025-06-01,"TV, Laptop, PS4, Electric Fan",10.86,0.813,9.76
2025-06-02,"TV, Laptop, PS4, Electric Fan",10.72,0.82,9.84
2025-06-03,"TV, Laptop, PS4, Electric Fan",10.54,0.807,9.69
2025-06-04,"TV, Laptop, PS4, Electric Fan",11.71,0.917,11.0
2025-06-05,"TV, Laptop, PS4, Electric Fan",10.98,0.86,10.32
2025-06-06,"TV, Laptop, PS4, Electric Fan",11.22,0.867,10.4
2025-06-07,"TV, Laptop, PS4, Electric Fan",11.7,0.925,11.1
2025-06-08,"TV, Laptop, PS4, Electric Fan",10.85,0.852,10.22
2025-06-09,"TV, Laptop, PS4, Electric Fan",11.33,0.87,10.45
2025-06-10,"TV, Laptop, PS4, Electric Fan",10.76,0.797,9.56
2025-06-11,"TV, Laptop, PS4, Electric Fan",11.48,0.919,11.02
2025-06-12,"TV, Laptop, PS4, Electric Fan",10.68,0.828,9.93
2025-06-13,"TV, Laptop, PS4, Electric Fan",10.59,0.805,9.66
2025-06-14,"TV, Laptop, PS4, Electric Fan",11.64,0.911,10.93
2025-06-15,"TV, Laptop, PS4, Electric Fan",11.65,0.93,11.17
2025-06-16,"TV, Laptop, PS4, Electric Fan",11.33,0.902,10.82
2025-06-17,"TV, Laptop, PS4, Electric Fan",11.75,0.922,11.06
2025-06-18,"TV, Laptop, PS4, Electric Fan",11.1,0.868,10.42
2025-06-19,"TV, Laptop, PS4, Electric Fan",11.59,0.899,10.79
2025-06-20,"TV, Laptop, PS4, Electric Fan",11.44,0.89,10.68
2025-06-21,"TV, Laptop, PS4, Electric Fan",10.88,0.851,10.22
2025-06-22,"TV, Laptop, PS4, Electric Fan",11.24,0.876,10.51
2025-06-23,"TV, Laptop, PS4, Electric Fan",11.19,0.874,10.49
2025-06-24,"TV, Laptop, PS4, Electric Fan",11.46,0.876,10.51
2025-06-25,"TV, Laptop, PS4, Electric Fan",11.34,0.883,10.59
2025-06-26,"TV, Laptop, PS4, Electric Fan",11.28,0.853,10.23
2025-06-27,"TV, Laptop, PS4, Electric Fan",12.25,0.941,11.29
2025-06-28,"TV, Laptop, PS4, Electric Fan",11.66,0.884,10.61
2025-06-29,"TV, Laptop, PS4, Electric Fan",11.87,0.917,11.01
2025-06-30,"TV, Laptop, PS4, Electric Fan",11.86,0.92,11.04
2025-07-01,"TV, Laptop, PS4, Electric Fan",11.48,0.906,10.87
2025-07-02,"TV, Laptop, PS4, Electric Fan",11.31,0.89,10.68
2025-07-03,"TV, Laptop, PS4, Electric Fan",11.59,0.881,10.57
2025-07-04,"TV, Laptop, PS4, Electric Fan",11.04,0.855,10.26
2025-07-05,"TV, Laptop, PS4, Electric Fan",12.26,0.955,11.46
2025-07-06,"TV, Laptop, PS4, Electric Fan",11.48,0.885,10.62
2025-07-07,"TV, Laptop, PS4, Electric Fan",11.65,0.901,10.81
2025-07-08,"TV, Laptop, PS4, Electric Fan",11.85,0.919,11.03
2025-07-09,"TV, Laptop, PS4, Electric Fan",11.39,0.869,10.43
2025-07-10,"TV, Laptop, PS4, Electric Fan",11.79,0.912,10.95
2025-07-11,"TV, Laptop, PS4, Electric Fan",11.8,0.904,10.85
2025-07-12,"TV, Laptop, PS4, Electric Fan",11.77,0.906,10.87
2025-07-13,"TV, Laptop, PS4, Electric Fan",11.53,0.9,10.8
2025-07-14,"TV, Laptop, PS4, Electric Fan",11.77,0.894,10.73
2025-07-15,"TV, Laptop, PS4, Electric Fan",12.35,0.955,11.46
2025-07-16,"TV, Laptop, PS4, Electric Fan",11.62,0.904,10.85
2025-07-17,"TV, Laptop, PS4, Electric Fan",11.72,0.923,11.08
2025-07-18,"TV, Laptop, PS4, Electric Fan",12.24,0.948,11.37
2025-07-19,"TV, Laptop, PS4, Electric Fan",12.02,0.944,11.33
2025-07-20,"TV, Laptop, PS4, Electric Fan",12.06,0.939,11.27
2025-07-21,"TV, Laptop, PS4, Electric Fan",12.3,0.947,11.36
2025-07-22,"TV, Laptop, PS4, Electric Fan",12.25,0.955,11.46
2025-07-23,"TV, Laptop, PS4, Electric Fan",12.32,0.964,11.57
2025-07-24,"TV, Laptop, PS4, Electric Fan",11.74,0.91,10.92
2025-07-25,"TV, Laptop, PS4, Electric Fan",12.02,0.931,11.17
2025-07-26,"TV, Laptop, PS4, Electric Fan",12.05,0.93,11.16
2025-07-27,"TV, Laptop, PS4, Electric Fan",12.78,0.972,11.67
2025-07-28,"TV, Laptop, PS4, Electric Fan",11.71,0.903,10.83
2025-07-29,"TV, Laptop, PS4, Electric Fan",13.1,1.051,12.61
2025-07-30,"TV, Laptop, PS4, Electric Fan",12.38,0.944,11.32
2025-07-31,"TV, Laptop, PS4, Electric Fan",12.28,0.951,11.42
2025-08-01,"TV, Laptop, PS4, Electric Fan",11.79,0.925,11.1
2025-08-02,"TV, Laptop, PS4, Electric Fan",12.75,0.998,11.97
2025-08-03,"TV, Laptop, PS4, Electric Fan",12.11,0.94,11.28
2025-08-04,"TV, Laptop, PS4, Electric Fan",12.79,1.008,12.09
2025-08-05,"TV, Laptop, PS4, Electric Fan",12.23,0.939,11.26
2025-08-06,"TV, Laptop, PS4, Electric Fan",12.45,0.969,11.63
2025-08-07,"TV, Laptop, PS4, Electric Fan",12.29,0.942,11.31
2025-08-08,"TV, Laptop, PS4, Electric Fan",12.67,1.011,12.13
2025-08-09,"TV, Laptop, PS4, Electric Fan",12.77,0.984,11.81
2025-08-10,"TV, Laptop, PS4, Electric Fan",11.93,0.931,11.17
2025-08-11,"TV, Laptop, PS4, Electric Fan",12.64,0.992,11.9
2025-08-12,"TV, Laptop, PS4, Electric Fan",12.57,0.972,11.66
2025-08-13,"TV, Laptop, PS4, Electric Fan",12.28,0.956,11.48
2025-08-14,"TV, Laptop, PS4, Electric Fan",12.9,1.0,12.0
2025-08-15,"TV, Laptop, PS4, Electric Fan",12.5,0.976,11.71
2025-08-16,"TV, Laptop, PS4, Electric Fan",12.64,0.973,11.67
2025-08-17,"TV, Laptop, PS4, Electric Fan",12.66,0.992,11.91
2025-08-18,"TV, Laptop, PS4, Electric Fan",13.34,1.056,12.67
2025-08-19,"TV, Laptop, PS4, Electric Fan",12.47,0.962,11.55
2025-08-20,"TV, Laptop, PS4, Electric Fan",12.31,0.948,11.38
2025-08-21,"TV, Laptop, PS4, Electric Fan",12.77,0.992,11.91
2025-08-22,"TV, Laptop, PS4, Electric Fan",12.72,1.022,12.26
2025-08-23,"TV, Laptop, PS4, Electric Fan",13.28,1.025,12.3
2025-08-24,"TV, Laptop, PS4, Electric Fan",12.88,1.03,12.36
2025-08-25,"TV, Laptop, PS4, Electric Fan",12.59,0.996,11.96
2025-08-26,"TV, Laptop, PS4, Electric Fan",12.71,0.987,11.85
2025-08-27,"TV, Laptop, PS4, Electric Fan",13.28,1.028,12.34
2025-08-28,"TV, Laptop, PS4, Electric Fan",13.74,1.078,12.94
2025-08-29,"TV, Laptop, PS4, Electric Fan",12.43,0.966,11.6
2025-08-30,"TV, Laptop, PS4, Electric Fan",12.65,0.987,11.84
2025-08-31,"TV, Laptop, PS4, Electric Fan",12.85,0.998,11.97
2025-09-01,"TV, Laptop, PS4, Electric Fan",13.18,1.012,12.14
2025-09-02,"TV, Laptop, PS4, Electric Fan",12.6,0.974,11.69
2025-09-03,"TV, Laptop, PS4, Electric Fan",12.72,0.977,11.72
2025-09-04,"TV, Laptop, PS4, Electric Fan",13.19,1.02,12.24
2025-09-05,"TV, Laptop, PS4, Electric Fan",12.83,0.988,11.86
2025-09-06,"TV, Laptop, PS4, Electric Fan",13.33,1.047,12.56
2025-09-07,"TV, Laptop, PS4, Electric Fan",12.92,0.989,11.87
2025-09-08,"TV, Laptop, PS4, Electric Fan",12.31,0.976,11.71
2025-09-09,"TV, Laptop, PS4, Electric Fan",13.34,1.051,12.62
2025-09-10,"TV, Laptop, PS4, Electric Fan",12.91,0.998,11.97
2025-09-11,"TV, Laptop, PS4, Electric Fan",13.2,1.043,12.52
2025-09-12,"TV, Laptop, PS4, Electric Fan",13.13,1.031,12.37
2025-09-13,"TV, Laptop, PS4, Electric Fan",13.65,1.034,12.41
2025-09-14,"TV, Laptop, PS4, Electric Fan",13.75,1.093,13.12
2025-09-15,"TV, Laptop, PS4, Electric Fan",13.46,1.045,12.54
2025-09-16,"TV, Laptop, PS4, Electric Fan",13.46,1.036,12.43
2025-09-17,"TV, Laptop, PS4, Electric Fan",13.8,1.069,12.82
2025-09-18,"TV, Laptop, PS4, Electric Fan",13.54,1.05,12.61
2025-09-19,"TV, Laptop, PS4, Electric Fan",13.54,1.052,12.62
2025-09-20,"TV, Laptop, PS4, Electric Fan",13.39,1.032,12.38
2025-09-21,"TV, Laptop, PS4, Electric Fan",12.79,0.993,11.92
2025-09-22,"TV, Laptop, PS4, Electric Fan",13.55,1.056,12.67
2025-09-23,"TV, Laptop, PS4, Electric Fan",12.79,0.984,11.81
2025-09-24,"TV, Laptop, PS4, Electric Fan",14.14,1.095,13.14
2025-09-25,"TV, Laptop, PS4, Electric Fan",13.39,1.026,12.31
2025-09-26,"TV, Laptop, PS4, Electric Fan",13.28,1.028,12.33
2025-09-27,"TV, Laptop, PS4, Electric Fan",14.14,1.108,13.3
2025-09-28,"TV, Laptop, PS4, Electric Fan",14.07,1.112,13.34
2025-09-29,"TV, Laptop, PS4, Electric Fan",13.73,1.065,12.77
2025-09-30,"TV, Laptop, PS4, Electric Fan",13.6,1.055,12.66
2025-10-01,"TV, Laptop, PS4, Electric Fan",13.78,1.068,12.81
2025-10-02,"TV, Laptop, PS4, Electric Fan",13.64,1.077,12.92
2025-10-03,"TV, Laptop, PS4, Electric Fan",13.28,1.051,12.61
2025-10-04,"TV, Laptop, PS4, Electric Fan",13.86,1.112,13.34
2025-10-05,"TV, Laptop, PS4, Electric Fan",13.66,1.069,12.82
2025-10-06,"TV, Laptop, PS4, Electric Fan",13.7,1.074,12.88
2025-10-07,"TV, Laptop, PS4, Electric Fan",13.63,1.061,12.73
2025-10-08,"TV, Laptop, PS4, Electric Fan",13.58,1.069,12.83
2025-10-09,"TV, Laptop, PS4, Electric Fan",13.68,1.072,12.87
2025-10-10,"TV, Laptop, PS4, Electric Fan",13.95,1.109,13.3
2025-10-11,"TV, Laptop, PS4, Electric Fan",14.07,1.098,13.18
2025-10-12,"TV, Laptop, PS4, Electric Fan",14.19,1.104,13.25
2025-10-13,"TV, Laptop, PS4, Electric Fan",13.29,1.022,12.26
2025-10-14,"TV, Laptop, PS4, Electric Fan",13.7,1.048,12.58
2025-10-15,"TV, Laptop, PS4, Electric Fan",14.04,1.106,13.28
2025-10-16,"TV, Laptop, PS4, Electric Fan",13.91,1.073,12.88
2025-10-17,"TV, Laptop, PS4, Electric Fan",13.61,1.034,12.41
2025-10-18,"TV, Laptop, PS4, Electric Fan",13.74,1.086,13.03
2025-10-19,"TV, Laptop, PS4, Electric Fan",14.4,1.148,13.78
2025-10-20,"TV, Laptop, PS4, Electric Fan",13.99,1.09,13.08
2025-10-21,"TV, Laptop, PS4, Electric Fan",14.29,1.127,13.53
2025-10-22,"TV, Laptop, PS4, Electric Fan",14.06,1.102,13.22
2025-10-23,"TV, Laptop, PS4, Electric Fan",14.03,1.093,13.12
2025-10-24,"TV, Laptop, PS4, Electric Fan",14.36,1.136,13.64
2025-10-25,"TV, Laptop, PS4, Electric Fan",14.13,1.104,13.25
2025-10-26,"TV, Laptop, PS4, Electric Fan",14.59,1.139,13.66
2025-10-27,"TV, Laptop, PS4, Electric Fan",14.38,1.128,13.54
2025-10-28,"TV, Laptop, PS4, Electric Fan",14.55,1.113,13.36
2025-10-29,"TV, Laptop, PS4, Electric Fan",14.25,1.123,13.48
2025-10-30,"TV, Laptop, PS4, Electric Fan",14.25,1.118,13.41
2025-10-31,"TV, Laptop, PS4, Electric Fan",13.92,1.091,13.1
2025-11-01,"TV, Laptop, PS4, Electric Fan",13.99,1.11,13.32
2025-11-02,"TV, Laptop, PS4, Electric Fan",13.88,1.085,13.02
2025-11-03,"TV, Laptop, PS4, Electric Fan",14.67,1.148,13.78
2025-11-04,"TV, Laptop, PS4, Electric Fan",14.35,1.117,13.41
2025-11-05,"TV, Laptop, PS4, Electric Fan",14.55,1.156,13.87
2025-11-06,"TV, Laptop, PS4, Electric Fan",14.54,1.138,13.65
2025-11-07,"TV, Laptop, PS4, Electric Fan",14.31,1.121,13.45
2025-11-08,"TV, Laptop, PS4, Electric Fan",14.75,1.165,13.98
2025-11-09,"TV, Laptop, PS4, Electric Fan",15.39,1.208,14.49
2025-11-10,"TV, Laptop, PS4, Electric Fan",14.96,1.172,14.06
2025-11-11,"TV, Laptop, PS4, Electric Fan",14.86,1.165,13.98
2025-11-12,"TV, Laptop, PS4, Electric Fan",13.99,1.089,13.06
2025-11-13,"TV, Laptop, PS4, Electric Fan",14.16,1.109,13.31
2025-11-14,"TV, Laptop, PS4, Electric Fan",14.53,1.133,13.6
2025-11-15,"TV, Laptop, PS4, Electric Fan",14.58,1.135,13.62
2025-11-16,"TV, Laptop, PS4, Electric Fan",14.59,1.141,13.69
2025-11-17,"TV, Laptop, PS4, Electric Fan",14.62,1.146,13.75
2025-11-18,"TV, Laptop, PS4, Electric Fan",15.12,1.185,14.22
2025-11-19,"TV, Laptop, PS4, Electric Fan",14.91,1.157,13.89
2025-11-20,"TV, Laptop, PS4, Electric Fan",14.97,1.187,14.25
2025-11-21,"TV, Laptop, PS4, Electric Fan",14.62,1.14,13.69
2025-11-22,"TV, Laptop, PS4, Electric Fan",14.64,1.113,13.36
2025-11-23,"TV, Laptop, PS4, Electric Fan",14.89,1.16,13.92
2025-11-24,"TV, Laptop, PS4, Electric Fan",15.16,1.18,14.16
2025-11-25,"TV, Laptop, PS4, Electric Fan",14.71,1.141,13.69
2025-11-26,"TV, Laptop, PS4, Electric Fan",15.05,1.186,14.23
2025-11-27,"TV, Laptop, PS4, Electric Fan",15.09,1.197,14.36
2025-11-28,"TV, Laptop, PS4, Electric Fan",14.9,1.177,14.13
2025-11-29,"TV, Laptop, PS4, Electric Fan",14.99,1.168,14.01
2025-11-30,"TV, Laptop, PS4, Electric Fan",15.06,1.192,14.3
2025-12-01,"TV, Laptop, PS4, Electric Fan",15.06,1.186,14.23
2025-12-02,"TV, Laptop, PS4, Electric Fan",15.07,1.172,14.07
2025-12-03,"TV, Laptop, PS4, Electric Fan",14.85,1.154,13.85
2025-12-04,"TV, Laptop, PS4, Electric Fan",14.86,1.16,13.93
2025-12-05,"TV, Laptop, PS4, Electric Fan",15.25,1.188,14.25
2025-12-06,"TV, Laptop, PS4, Electric Fan",14.99,1.175,14.1
2025-12-07,"TV, Laptop, PS4, Electric Fan",15.02,1.175,14.1
2025-12-08,"TV, Laptop, PS4, Electric Fan",14.93,1.178,14.14
2025-12-09,"TV, Laptop, PS4, Electric Fan",15.02,1.187,14.24
2025-12-10,"TV, Laptop, PS4, Electric Fan",15.4,1.214,14.57
2025-12-11,"TV, Laptop, PS4, Electric Fan",15.37,1.21,14.52
2025-12-12,"TV, Laptop, PS4, Electric Fan",14.94,1.159,13.9
2025-12-13,"TV, Laptop, PS4, Electric Fan",14.98,1.132,13.59
2025-12-14,"TV, Laptop, PS4, Electric Fan",15.43,1.211,14.54
2025-12-15,"TV, Laptop, PS4, Electric Fan",15.12,1.162,13.95
2025-12-16,"TV, Laptop, PS4, Electric Fan",15.29,1.193,14.32
2025-12-17,"TV, Laptop, PS4, Electric Fan",15.02,1.17,14.04
2025-12-18,"TV, Laptop, PS4, Electric Fan",15.62,1.2,14.4
2025-12-19,"TV, Laptop, PS4, Electric Fan",15.3,1.214,14.57
2025-12-20,"TV, Laptop, PS4, Electric Fan",15.89,1.244,14.92
2025-12-21,"TV, Laptop, PS4, Electric Fan",15.79,1.22,14.64
2025-12-22,"TV, Laptop, PS4, Electric Fan",14.73,1.127,13.53
2025-12-23,"TV, Laptop, PS4, Electric Fan",15.58,1.208,14.5
2025-12-24,"TV, Laptop, PS4, Electric Fan",15.57,1.222,14.67
2025-12-25,"TV, Laptop, PS4, Electric Fan",15.36,1.187,14.25
2025-12-26,"TV, Laptop, PS4, Electric Fan",15.63,1.22,14.64
2025-12-27,"TV, Laptop, PS4, Electric Fan",15.68,1.23,14.75
2025-12-28,"TV, Laptop, PS4, Electric Fan",15.87,1.254,15.05
2025-12-29,"TV, Laptop, PS4, Electric Fan",16.04,1.248,14.98
2025-12-30,"TV, Laptop, PS4, Electric Fan",15.5,1.21,14.52
2025-12-31,"TV, Laptop, PS4, Electric Fan",16.14,1.274,15.28
2026-01-01,"TV, Laptop, PS4, Electric Fan",15.24,1.201,14.41
2026-01-02,"TV, Laptop, PS4, Electric Fan",16.01,1.248,14.98
2026-01-03,"TV, Laptop, PS4, Electric Fan",15.89,1.228,14.73
2026-01-04,"TV, Laptop, PS4, Electric Fan",15.61,1.223,14.67
2026-01-05,"TV, Laptop, PS4, Electric Fan",15.77,1.22,14.64
2026-01-06,"TV, Laptop, PS4, Electric Fan",15.56,1.224,14.68
2026-01-07,"TV, Laptop, PS4, Electric Fan",16.02,1.278,15.34
2026-01-08,"TV, Laptop, PS4, Electric Fan",15.61,1.219,14.62
2026-01-09,"TV, Laptop, PS4, Electric Fan",15.84,1.224,14.69
2026-01-10,"TV, Laptop, PS4, Electric Fan",16.72,1.325,15.9
2026-01-11,"TV, Laptop, PS4, Electric Fan",16.34,1.263,15.15
2026-01-12,"TV, Laptop, PS4, Electric Fan",15.8,1.238,14.86
2026-01-13,"TV, Laptop, PS4, Electric Fan",16.16,1.278,15.34
2026-01-14,"TV, Laptop, PS4, Electric Fan",15.9,1.256,15.08
2026-01-15,"TV, Laptop, PS4, Electric Fan",16.2,1.288,15.45
2026-01-16,"TV, Laptop, PS4, Electric Fan",16.6,1.293,15.51
2026-01-17,"TV, Laptop, PS4, Electric Fan",16.15,1.251,15.01
2026-01-18,"TV, Laptop, PS4, Electric Fan",15.78,1.261,15.14
2026-01-19,"TV, Laptop, PS4, Electric Fan",15.99,1.245,14.94
2026-01-20,"TV, Laptop, PS4, Electric Fan",16.23,1.276,15.31
2026-01-21,"TV, Laptop, PS4, Electric Fan",16.56,1.295,15.54
2026-01-22,"TV, Laptop, PS4, Electric Fan",16.36,1.3,15.6
2026-01-23,"TV, Laptop, PS4, Electric Fan",16.75,1.335,16.02
2026-01-24,"TV, Laptop, PS4, Electric Fan",16.37,1.288,15.45
2026-01-25,"TV, Laptop, PS4, Electric Fan",16.22,1.258,15.1
2026-01-26,"TV, Laptop, PS4, Electric Fan",16.44,1.286,15.43
2026-01-27,"TV, Laptop, PS4, Electric Fan",16.35,1.274,15.29
2026-01-28,"TV, Laptop, PS4, Electric Fan",16.5,1.31,15.72
2026-01-29,"TV, Laptop, PS4, Electric Fan",16.79,1.321,15.86
2026-01-30,"TV, Laptop, PS4, Electric Fan",16.68,1.304,15.65
2026-01-31,"TV, Laptop, PS4, Electric Fan",16.37,1.284,15.41
2026-02-01,"TV, Laptop, PS4, Electric Fan",15.87,1.227,14.72
2026-02-02,"TV, Laptop, PS4, Electric Fan",16.83,1.304,15.65
2026-02-03,"TV, Laptop, PS4, Electric Fan",16.91,1.332,15.99
2026-02-04,"TV, Laptop, PS4, Electric Fan",16.38,1.286,15.43
2026-02-05,"TV, Laptop, PS4, Electric Fan",16.3,1.257,15.08
2026-02-06,"TV, Laptop, PS4, Electric Fan",16.39,1.292,15.5
2026-02-07,"TV, Laptop, PS4, Electric Fan",16.96,1.336,16.04
2026-02-08,"TV, Laptop, PS4, Electric Fan",16.95,1.332,15.98
2026-02-09,"TV, Laptop, PS4, Electric Fan",16.68,1.318,15.81
2026-02-10,"TV, Laptop, PS4, Electric Fan",16.69,1.3,15.6
2026-02-11,"TV, Laptop, PS4, Electric Fan",15.74,1.229,14.75
2026-02-12,"TV, Laptop, PS4, Electric Fan",16.75,1.334,16.01
2026-02-13,"TV, Laptop, PS4, Electric Fan",16.51,1.297,15.56
2026-02-14,"TV, Laptop, PS4, Electric Fan",17.1,1.333,16.0
2026-02-15,"TV, Laptop, PS4, Electric Fan",17.33,1.367,16.41
2026-02-16,"TV, Laptop, PS4, Electric Fan",17.14,1.334,16.01
2026-02-17,"TV, Laptop, PS4, Electric Fan",16.77,1.312,15.74
2026-02-18,"TV, Laptop, PS4, Electric Fan",17.65,1.405,16.86
2026-02-19,"TV, Laptop, PS4, Electric Fan",16.39,1.291,15.49
2026-02-20,"TV, Laptop, PS4, Electric Fan",16.8,1.328,15.93
2026-02-21,"TV, Laptop, PS4, Electric Fan",17.03,1.345,16.14
2026-02-22,"TV, Laptop, PS4, Electric Fan",16.84,1.328,15.94
2026-02-23,"TV, Laptop, PS4, Electric Fan",17.21,1.373,16.48
2026-02-24,"TV, Laptop, PS4, Electric Fan",16.95,1.338,16.05
2026-02-25,"TV, Laptop, PS4, Electric Fan",17.11,1.363,16.36
2026-02-26,"TV, Laptop, PS4, Electric Fan",17.39,1.381,16.57
2026-02-27,"TV, Laptop, PS4, Electric Fan",16.71,1.312,15.75
2026-02-28,"TV, Laptop, PS4, Electric Fan",16.98,1.327,15.93
2026-03-01,"TV, Laptop, PS4, Electric Fan",17.57,1.355,16.26
2026-03-02,"TV, Laptop, PS4, Electric Fan",16.56,1.293,15.51
2026-03-03,"TV, Laptop, PS4, Electric Fan",16.66,1.343,16.11
2026-03-04,"TV, Laptop, PS4, Electric Fan",17.04,1.329,15.95
2026-03-05,"TV, Laptop, PS4, Electric Fan",17.71,1.381,16.57
2026-03-06,"TV, Laptop, PS4, Electric Fan",17.23,1.333,15.99
2026-03-07,"TV, Laptop, PS4, Electric Fan",16.71,1.32,15.84
2026-03-08,"TV, Laptop, PS4, Electric Fan",17.4,1.36,16.32
2026-03-09,"TV, Laptop, PS4, Electric Fan",17.0,1.35,16.19
2026-03-10,"TV, Laptop, PS4, Electric Fan",16.91,1.331,15.97
2026-03-11,"TV, Laptop, PS4, Electric Fan",18.06,1.405,16.86
2026-03-12,"TV, Laptop, PS4, Electric Fan",16.97,1.345,16.14
2026-03-13,"TV, Laptop, PS4, Electric Fan",17.41,1.371,16.46
2026-03-14,"TV, Laptop, PS4, Electric Fan",17.57,1.387,16.65
2026-03-15,"TV, Laptop, PS4, Electric Fan",17.43,1.361,16.34
2026-03-16,"TV, Laptop, PS4, Electric Fan",17.41,1.376,16.51
2026-03-17,"TV, Laptop, PS4, Electric Fan",17.43,1.379,16.54
2026-03-18,"TV, Laptop, PS4, Electric Fan",17.65,1.398,16.78
2026-03-19,"TV, Laptop, PS4, Electric Fan",17.31,1.352,16.22
2026-03-20,"TV, Laptop, PS4, Electric Fan",17.18,1.337,16.04
2026-03-21,"TV, Laptop, PS4, Electric Fan",17.76,1.386,16.63
2026-03-22,"TV, Laptop, PS4, Electric Fan",17.28,1.358,16.29
2026-03-23,"TV, Laptop, PS4, Electric Fan",17.36,1.361,16.33
2026-03-24,"TV, Laptop, PS4, Electric Fan",17.39,1.372,16.46
2026-03-25,"TV, Laptop, PS4, Electric Fan",17.91,1.412,16.94
2026-03-26,"TV, Laptop, PS4, Electric Fan",17.47,1.369,16.43
2026-03-27,"TV, Laptop, PS4, Electric Fan",17.27,1.371,16.45
2026-03-28,"TV, Laptop, PS4, Electric Fan",18.35,1.455,17.46
2026-03-29,"TV, Laptop, PS4, Electric Fan",17.19,1.358,16.3
2026-03-30,"TV, Laptop, PS4, Electric Fan",18.24,1.462,17.55
2026-03-31,"TV, Laptop, PS4, Electric Fan",17.59,1.39,16.68
2026-04-01,"TV, Laptop, PS4, Electric Fan",17.8,1.366,16.39
2026-04-02,"TV, Laptop, PS4, Electric Fan",17.48,1.392,16.71
2026-04-03,"TV, Laptop, PS4, Electric Fan",18.38,1.426,17.11
2026-04-04,"TV, Laptop, PS4, Electric Fan",18.21,1.435,17.22
2026-04-05,"TV, Laptop, PS4, Electric Fan",17.86,1.404,16.85
2026-04-06,"TV, Laptop, PS4, Electric Fan",18.21,1.434,17.21
2026-04-07,"TV, Laptop, PS4, Electric Fan",17.95,1.392,16.71
2026-04-08,"TV, Laptop, PS4, Electric Fan",17.89,1.398,16.78
2026-04-09,"TV, Laptop, PS4, Electric Fan",18.06,1.405,16.86
2026-04-10,"TV, Laptop, PS4, Electric Fan",17.93,1.4,16.8
2026-04-11,"TV, Laptop, PS4, Electric Fan",18.25,1.435,17.23
2026-04-12,"TV, Laptop, PS4, Electric Fan",18.19,1.452,17.43
2026-04-13,"TV, Laptop, PS4, Electric Fan",18.42,1.45,17.4
2026-04-14,"TV, Laptop, PS4, Electric Fan",17.73,1.38,16.56
2026-04-15,"TV, Laptop, PS4, Electric Fan",18.04,1.419,17.02
2026-04-16,"TV, Laptop, PS4, Electric Fan",18.35,1.451,17.41
2026-04-17,"TV, Laptop, PS4, Electric Fan",16.97,1.339,16.06
2026-04-18,"TV, Laptop, PS4, Electric Fan",18.13,1.413,16.95
2026-04-19,"TV, Laptop, PS4, Electric Fan",18.29,1.443,17.32
2026-04-20,"TV, Laptop, PS4, Electric Fan",18.22,1.431,17.17
2026-04-21,"TV, Laptop, PS4, Electric Fan",17.89,1.42,17.04
2026-04-22,"TV, Laptop, PS4, Electric Fan",18.44,1.445,17.34
2026-04-23,"TV, Laptop, PS4, Electric Fan",18.17,1.435,17.22
2026-04-24,"TV, Laptop, PS4, Electric Fan",18.19,1.439,17.27
2026-04-25,"TV, Laptop, PS4, Electric Fan",18.58,1.455,17.46
2026-04-26,"TV, Laptop, PS4, Electric Fan",18.31,1.45,17.41
2026-04-27,"TV, Laptop, PS4, Electric Fan",17.91,1.408,16.9
2026-04-28,"TV, Laptop, PS4, Electric Fan",18.09,1.442,17.31
2026-04-29,"TV, Laptop, PS4, Electric Fan",18.5,1.446,17.36
2026-04-30,"TV, Laptop, PS4, Electric Fan",18.5,1.449,17.39
2026-05-01,"TV, Laptop, PS4, Electric Fan",18.27,1.442,17.31
2026-05-02,"TV, Laptop, PS4, Electric Fan",18.5,1.429,17.15
2026-05-03,"TV, Laptop, PS4, Electric Fan",18.27,1.409,16.9
2026-05-04,"TV, Laptop, PS4, Electric Fan",18.34,1.436,17.23
2026-05-05,"TV, Laptop, PS4, Electric Fan",18.91,1.501,18.02
2026-05-06,"TV, Laptop, PS4, Electric Fan",18.63,1.454,17.45
2026-05-07,"TV, Laptop, PS4, Electric Fan",19.0,1.528,18.33
2026-05-08,"TV, Laptop, PS4, Electric Fan",18.7,1.459,17.5
2026-05-09,"TV, Laptop, PS4, Electric Fan",18.53,1.455,17.45
2026-05-10,"TV, Laptop, PS4, Electric Fan",18.99,1.516,18.19
2026-05-11,"TV, Laptop, PS4, Electric Fan",19.19,1.527,18.33
2026-05-12,"TV, Laptop, PS4, Electric Fan",19.08,1.514,18.17
2026-05-13,"TV, Laptop, PS4, Electric Fan",18.75,1.491,17.89
2026-05-14,"TV, Laptop, PS4, Electric Fan",18.61,1.475,17.69
2026-05-15,"TV, Laptop, PS4, Electric Fan",18.55,1.463,17.56
