date,daily_downloads
01/01/2025,105
01/02/2025,99
01/03/2025,107
01/04/2025,156
01/05/2025,139
01/06/2025,99
01/07/2025,118
01/08/2025,110
01/09/2025,98
01/10/2025,108
01/11/2025,138
01/12/2025,139
01/13/2025,106
01/14/2025,85
01/15/2025,87
01/16/2025,99
01/17/2025,95
01/18/2025,148
01/19/2025,136
01/20/2025,92
01/21/2025,121
01/22/2025,104
01/23/2025,107
01/24/2025,93
01/25/2025,142
01/26/2025,149
01/27/2025,96
01/28/2025,112
01/29/2025,102
01/30/2025,106
01/31/2025,103
02/01/2025,168
02/02/2025,149
02/03/2025,99
02/04/2025,118
02/05/2025,98
02/06/2025,113
02/07/2025,92
02/08/2025,138
02/09/2025,154
02/10/2025,119
02/11/2025,114
02/12/2025,111
02/13/2025,110
02/14/2025,98
02/15/2025,146
02/16/2025,149
02/17/2025,125
02/18/2025,118
02/19/2025,97
02/20/2025,118
02/21/2025,111
02/22/2025,149
02/23/2025,162
02/24/2025,127
02/25/2025,126
02/26/2025,108
02/27/2025,114
02/28/2025,121
03/01/2025,167
03/02/2025,153
03/03/2025,116
03/04/2025,108
03/05/2025,107
03/06/2025,127
03/07/2025,133
03/08/2025,159
03/09/2025,170
03/10/2025,124
03/11/2025,114
03/12/2025,125
03/13/2025,137
03/14/2025,121
03/15/2025,178
03/16/2025,136
03/17/2025,131
03/18/2025,124
03/19/2025,120
03/20/2025,124
03/21/2025,104
03/22/2025,162
03/23/2025,168
03/24/2025,139
03/25/2025,120
03/26/2025,117
03/27/2025,120
03/28/2025,135
03/29/2025,169
03/30/2025,161
03/31/2025,132
04/01/2025,128
04/02/2025,137
04/03/2025,121
04/04/2025,125
04/05/2025,164
04/06/2025,154
04/07/2025,132
04/08/2025,132
04/09/2025,129
04/10/2025,127
04/11/2025,116
04/12/2025,166
04/13/2025,167
04/14/2025,123
04/15/2025,130
04/16/2025,136
04/17/2025,151
04/18/2025,134
04/19/2025,175
04/20/2025,172
04/21/2025,114
04/22/2025,133
04/23/2025,134
04/24/2025,159
04/25/2025,132
04/26/2025,178
04/27/2025,174
04/28/2025,123
04/29/2025,147
04/30/2025,143
05/01/2025,144
05/02/2025,127
05/03/2025,191
05/04/2025,163
05/05/2025,143
05/06/2025,159
05/07/2025,128
05/08/2025,132
05/09/2025,139
05/10/2025,174
05/11/2025,163
05/12/2025,140
05/13/2025,129
05/14/2025,145
05/15/2025,131
05/16/2025,156
05/17/2025,173
05/18/2025,178
05/19/2025,150
05/20/2025,129
05/21/2025,144
05/22/2025,155
05/23/2025,127
05/24/2025,185
05/25/2025,186
05/26/2025,151
05/27/2025,131
05/28/2025,131
05/29/2025,150
05/30/2025,148
05/31/2025,188
06/01/2025,189
06/02/2025,139
06/03/2025,148
06/04/2025,149
06/05/2025,139
06/06/2025,165
06/07/2025,192
06/08/2025,175
06/09/2025,154
06/10/2025,138
06/11/2025,156
06/12/2025,160
06/13/2025,141
06/14/2025,199
06/15/2025,194
06/16/2025,158
06/17/2025,169
06/18/2025,148
06/19/2025,143
06/20/2025,142
06/21/2025,183
06/22/2025,191
06/23/2025,155
06/24/2025,155
06/25/2025,161
06/26/2025,153
06/27/2025,168
06/28/2025,191
06/29/2025,221
06/30/2025,160
07/01/2025,146
07/02/2025,144
07/03/2025,160
07/04/2025,153
07/05/2025,203
07/06/2025,201
07/07/2025,155
07/08/2025,148
07/09/2025,142
07/10/2025,153
07/11/2025,166
07/12/2025,200
07/13/2025,185
07/14/2025,160
07/15/2025,162
07/16/2025,150
07/17/2025,161
07/18/2025,160
07/19/2025,188
07/20/2025,204
07/21/2025,166
07/22/2025,171
07/23/2025,171
07/24/2025,147
07/25/2025,152
07/26/2025,207
07/27/2025,207
07/28/2025,168
07/29/2025,201
07/30/2025,169
07/31/2025,175
08/01/2025,173
08/02/2025,210
08/03/2025,201
08/04/2025,172
08/05/2025,157
08/06/2025,163
08/07/2025,161
08/08/2025,167
08/09/2025,229
08/10/2025,188
08/11/2025,173
08/12/2025,151
08/13/2025,162
08/14/2025,178
08/15/2025,168
08/16/2025,197
08/17/2025,201
08/18/2025,175
08/19/2025,162
08/20/2025,171
08/21/2025,170
08/22/2025,163
08/23/2025,232
08/24/2025,217
08/25/2025,151
08/26/2025,173
08/27/2025,165
08/28/2025,180
08/29/2025,164
08/30/2025,211
08/31/2025,218
09/01/2025,182
09/02/2025,161
09/03/2025,170
09/04/2025,169
09/05/2025,168
09/06/2025,232
09/07/2025,219
09/08/2025,162
09/09/2025,184
09/10/2025,197
09/11/2025,186
09/12/2025,161
09/13/2025,212
09/14/2025,229
09/15/2025,170
09/16/2025,182
09/17/2025,185
09/18/2025,169
09/19/2025,178
09/20/2025,186
09/21/2025,209
09/22/2025,177
09/23/2025,167
09/24/2025,196
09/25/2025,166
09/26/2025,176
09/27/2025,222
09/28/2025,235
09/29/2025,167
09/30/2025,193
10/01/2025,182
10/02/2025,172
10/03/2025,187
10/04/2025,225
10/05/2025,217
10/06/2025,184
10/07/2025,180
10/08/2025,185
10/09/2025,191
10/10/2025,200
10/11/2025,213
10/12/2025,247
10/13/2025,166
10/14/2025,184
10/15/2025,192
10/16/2025,189
10/17/2025,180
10/18/2025,225
10/19/2025,222
10/20/2025,182
10/21/2025,196
10/22/2025,192
10/23/2025,182
10/24/2025,198
10/25/2025,232
10/26/2025,238
10/27/2025,196
10/28/2025,182
10/29/2025,185
10/30/2025,198
10/31/2025,197
11/01/2025,231
11/02/2025,233
11/03/2025,205
11/04/2025,186
11/05/2025,198
11/06/2025,191
11/07/2025,191
11/08/2025,244
11/09/2025,242
11/10/2025,202
11/11/2025,207
11/12/2025,195
11/13/2025,202
11/14/2025,192
11/15/2025,239
11/16/2025,234
11/17/2025,197
11/18/2025,202
11/19/2025,188
11/20/2025,218
11/21/2025,187
11/22/2025,225
11/23/2025,249
11/24/2025,206
11/25/2025,205
11/26/2025,205
11/27/2025,199
11/28/2025,190
11/29/2025,240
11/30/2025,233
12/01/2025,210
12/02/2025,199
12/03/2025,193
12/04/2025,198
12/05/2025,206
12/06/2025,236
12/07/2025,234
12/08/2025,205
12/09/2025,205
12/10/2025,198
12/11/2025,198
12/12/2025,206
12/13/2025,229
12/14/2025,230
12/15/2025,197
12/16/2025,203
12/17/2025,208
12/18/2025,220
12/19/2025,214
12/20/2025,244
12/21/2025,246
12/22/2025,196
12/23/2025,207
12/24/2025,204
12/25/2025,211
12/26/2025,199
12/27/2025,253
12/28/2025,264
12/29/2025,208
12/30/2025,213
12/31/2025,216
01/01/2026,205
01/02/2026,212
01/03/2026,250
01/04/2026,251
01/05/2026,203
01/06/2026,211
01/07/2026,216
01/08/2026,226
01/09/2026,221
01/10/2026,274
01/11/2026,245
01/12/2026,222
01/13/2026,215
01/14/2026,235
01/15/2026,206
01/16/2026,206
01/17/2026,248
01/18/2026,233
01/19/2026,210
01/20/2026,208
01/21/2026,217
01/22/2026,219
01/23/2026,235
01/24/2026,266
01/25/2026,251
01/26/2026,208
01/27/2026,222
01/28/2026,204
01/29/2026,236
01/30/2026,230
01/31/2026,254
02/01/2026,242
02/02/2026,233
02/03/2026,218
02/04/2026,232
02/05/2026,204
02/06/2026,214
02/07/2026,261
02/08/2026,261
02/09/2026,217
02/10/2026,228
02/11/2026,211
02/12/2026,221
02/13/2026,224
02/14/2026,268
02/15/2026,270
02/16/2026,212
02/17/2026,208
02/18/2026,237
02/19/2026,228
02/20/2026,217
02/21/2026,280
02/22/2026,266
02/23/2026,237
02/24/2026,226
02/25/2026,247
02/26/2026,244
02/27/2026,224
02/28/2026,277
03/01/2026,274
03/02/2026,241
03/03/2026,218
03/04/2026,235
03/05/2026,239
03/06/2026,211
03/07/2026,257
03/08/2026,249
03/09/2026,227
03/10/2026,237
03/11/2026,245
03/12/2026,231
03/13/2026,247
03/14/2026,257
03/15/2026,254
03/16/2026,231
03/17/2026,236
03/18/2026,232
03/19/2026,212
03/20/2026,232
03/21/2026,260
03/22/2026,280
03/23/2026,237
03/24/2026,225
03/25/2026,229
03/26/2026,224
03/27/2026,234
03/28/2026,285
03/29/2026,266
03/30/2026,241
03/31/2026,231
04/01/2026,229
04/02/2026,236
04/03/2026,227
04/04/2026,272
04/05/2026,266
04/06/2026,258
04/07/2026,239
04/08/2026,232
04/09/2026,241
04/10/2026,238
04/11/2026,277
04/12/2026,286
04/13/2026,248
04/14/2026,235
04/15/2026,235
04/16/2026,238
04/17/2026,218
04/18/2026,266
04/19/2026,296
04/20/2026,259
04/21/2026,240
04/22/2026,249
04/23/2026,246
04/24/2026,274
04/25/2026,295
04/26/2026,283
04/27/2026,235
04/28/2026,229
04/29/2026,247
04/30/2026,238
05/01/2026,231
05/02/2026,279
05/03/2026,275
05/04/2026,263
05/05/2026,256
05/06/2026,247
05/07/2026,262
05/08/2026,248
05/09/2026,279
05/10/2026,303
05/11/2026,254
05/12/2026,238
05/13/2026,247
05/14/2026,241
05/15/2026,236
